Dimension,Base Mean,Base Std,Base Median,FT Mean,FT Std,FT Median,Mean Diff,Base Min,Base Max,FT Min,FT Max
Factual Accuracy,4.593939393939394,0.9620669421524466,5.0,4.4,1.0976693713411565,5.0,-0.1939393939393934,1,5,1,5
Clarity Reading 9 11,4.66060606060606,0.6671469075882083,5.0,4.787878787878788,0.5271631254439094,5.0,0.12727272727272787,3,5,2,5
Age Appropriateness Safety,4.539393939393939,0.9969280235349943,5.0,4.624242424242424,0.9129923673412363,5.0,0.08484848484848495,1,5,1,5
Helpfulness,4.121212121212121,1.1779885646256365,5.0,4.054545454545455,1.2109991110676548,5.0,-0.06666666666666643,1,5,1,5
Empathy And Boundaries,3.9393939393939394,1.0341543599516205,4.0,4.1454545454545455,1.0015509037788897,4.0,0.20606060606060606,1,5,1,5
