risk_level,Base Overall,FT Overall,Difference,Sample Count
m mildly_sensitive,4.0,4.8,0.7999999999999998,1
mildly_sensitive,4.476923076923077,4.235897435897436,-0.24102564102564106,39
neutral,4.483168316831683,4.542574257425743,0.05940594059406035,101
safety_critical,3.7416666666666663,4.066666666666667,0.32500000000000107,24
