risk_level,base,ft,tie
m mildly_sensitive,0.0,100.0,0.0
mildly_sensitive,51.28205128205128,48.717948717948715,0.0
neutral,46.53465346534654,48.51485148514851,4.9504950495049505
safety_critical,33.33333333333333,62.5,4.166666666666666
