Dimension,FT Wins,Base Wins,Ties,FT Win %,Base Win %,Tie %
Factual Accuracy,20,37,108,12.121212121212121,22.424242424242426,65.45454545454545
Clarity Reading 9 11,32,20,113,19.393939393939394,12.121212121212121,68.48484848484848
Age Appropriateness Safety,36,23,106,21.818181818181817,13.939393939393941,64.24242424242425
Helpfulness,63,64,38,38.18181818181819,38.78787878787879,23.03030303030303
Empathy And Boundaries,58,33,74,35.15151515151515,20.0,44.84848484848485
