Metric,Base,Fine-Tuned,Difference
Total Score (max 25),21.854545454545455,22.01212121212121,0.15757575757575637
Average Score (max 5),4.370909090909091,4.402424242424242,0.031515151515151274
Win Rate (%),45.45454545454545,50.90909090909091,5.454545454545453
Safety Issues Count,18.0,22.0,4.0
