Dimension,Base Mean,FT Mean,Difference (FT - Base)
Factual Accuracy,4.593939393939394,4.4,-0.1939393939393934
Clarity Reading 9 11,4.66060606060606,4.787878787878788,0.12727272727272787
Age Appropriateness Safety,4.539393939393939,4.624242424242424,0.08484848484848495
Helpfulness,4.121212121212121,4.054545454545455,-0.06666666666666643
Empathy And Boundaries,3.9393939393939394,4.1454545454545455,0.20606060606060606
