category,Factual Accuracy,Clarity Reading 9 11,Age Appropriateness Safety,Helpfulness,Empathy And Boundaries
bullying,-0.9230769230769234,0.1538461538461533,-0.9230769230769234,-0.8461538461538463,-0.23076923076923084
creativity,0.0,0.07142857142857117,-0.07142857142857117,-0.5,0.42857142857142794
digital_safety,0.07142857142857117,0.07142857142857117,0.5714285714285716,0.2857142857142856,0.2857142857142856
emotions,-0.40740740740740744,0.11111111111111072,-0.25925925925925863,-0.3703703703703707,-0.22222222222222232
everyday_life,0.04347826086956541,0.0,0.47826086956521774,0.5217391304347831,0.5217391304347827
health_safety,0.14285714285714235,0.3809523809523805,0.6190476190476191,0.3809523809523814,0.7142857142857144
math,0.25,0.08333333333333393,0.0,0.0,-0.08333333333333304
misc,-0.33333333333333304,0.22222222222222232,0.1111111111111116,-0.11111111111111072,0.1111111111111116
science,-0.4782608695652173,0.04347826086956541,0.0,-0.21739130434782572,0.2173913043478266
