Dimension,Mean Diff (FT-Base),t-statistic,p-value (t-test),Wilcoxon p-value,Significant (p<0.05)
Factual Accuracy,-0.1939393939393934,-1.9642534449066855,0.051190816721222616,0.06313970872920723,False
Clarity Reading 9 11,0.12727272727272787,2.0902091440902315,0.03814161072320372,0.03242159879630428,True
Age Appropriateness Safety,0.08484848484848495,0.8743754311702684,0.3831924706463674,0.41838378484522276,False
Helpfulness,-0.06666666666666643,-0.4983452795212827,0.6189083700595854,0.6809136901263191,False
Empathy And Boundaries,0.20606060606060606,2.014977966613164,0.04554055343387972,0.030783007465907383,True
